form_uid;form_group;category_code;title;version;file_name;file_path;status;is_current;size_bytes;sha256
RAI-FRM-GDPR-001;GDPR;01_GDPR_A_SOUHLASY;GDPR 001 Kryci List GDPR Balicku;v1.3;RAI-FRM-GDPR-001_KRYCI_LIST_GDPR_BALICKU_FILLABLE_v1_3_CONTENT_LOCKED.pdf;/documents/forms/01_GDPR_A_SOUHLASY/RAI-FRM-GDPR-001_KRYCI_LIST_GDPR_BALICKU_FILLABLE_v1_3_CONTENT_LOCKED.pdf;active;1;124533;e28eeeb0bc0993e8a28e5f0f36fe64d06a01b31d2f34982b0d86dc0995242723
RAI-FRM-GDPR-0010;GDPR;01_GDPR_A_SOUHLASY;GDPR 0010 Dobrovolnik Osobni Udaje;v1.3;RAI-FRM-GDPR-0010_DOBROVOLNIK_OSOBNI_UDAJE_FILLABLE_v1_3_CONTENT_LOCKED.pdf;/documents/forms/01_GDPR_A_SOUHLASY/RAI-FRM-GDPR-0010_DOBROVOLNIK_OSOBNI_UDAJE_FILLABLE_v1_3_CONTENT_LOCKED.pdf;active;1;109758;5b4dd2e098c2145518e37da41540f8b0ccec7c2a82effd493e024075cdcd45aa
RAI-FRM-GDPR-002;GDPR;01_GDPR_A_SOUHLASY;GDPR 002 Informacni Memorandum;v1.3;RAI-FRM-GDPR-002_INFORMACNI_MEMORANDUM_FILLABLE_v1_3_CONTENT_LOCKED.pdf;/documents/forms/01_GDPR_A_SOUHLASY/RAI-FRM-GDPR-002_INFORMACNI_MEMORANDUM_FILLABLE_v1_3_CONTENT_LOCKED.pdf;active;1;119614;10db0c85581a4326f79021bf56ec17c0eca5780273968a221281e013cbf8c5e8
RAI-FRM-GDPR-003;GDPR;01_GDPR_A_SOUHLASY;GDPR 003 Informovany Souhlas GDPR;v1.1;RAI-FRM-GDPR-003-INFORMOVANY-SOUHLAS_GDPR.pdf;/documents/forms/01_GDPR_A_SOUHLASY/RAI-FRM-GDPR-003-INFORMOVANY-SOUHLAS_GDPR.pdf;active;1;98773;f37b06b11c9962c23afaf791ecd1d23742eb6dcf7d17b11fd97a4613737fa7b9
RAI-FRM-GDPR-004;GDPR;01_GDPR_A_SOUHLASY;GDPR 004 Zvlastni Kategorie Udaju;v1.3;RAI-FRM-GDPR-004_ZVLASTNI_KATEGORIE_UDAJU_FILLABLE_v1_3_CONTENT_LOCKED.pdf;/documents/forms/01_GDPR_A_SOUHLASY/RAI-FRM-GDPR-004_ZVLASTNI_KATEGORIE_UDAJU_FILLABLE_v1_3_CONTENT_LOCKED.pdf;active;1;119601;365d70b25069bec5f3fc93f43180b0807359fb633cfbef5fa9788fefdeb11237
RAI-FRM-GDPR-005;GDPR;01_GDPR_A_SOUHLASY;GDPR 005 Foto Video Audio;v1.3;RAI-FRM-GDPR-005_FOTO_VIDEO_AUDIO_FILLABLE_v1_3_CONTENT_LOCKED.pdf;/documents/forms/01_GDPR_A_SOUHLASY/RAI-FRM-GDPR-005_FOTO_VIDEO_AUDIO_FILLABLE_v1_3_CONTENT_LOCKED.pdf;active;1;108266;ef86dc79a8616b2e989bfb422c577bee583dd7883be226dd84a1f32161e1eaa1
RAI-FRM-GDPR-006;GDPR;01_GDPR_A_SOUHLASY;GDPR 006 Pribeh Citace Kazuistika;v1.3;RAI-FRM-GDPR-006_PRIBEH_CITACE_KAZUISTIKA_FILLABLE_v1_3_CONTENT_LOCKED.pdf;/documents/forms/01_GDPR_A_SOUHLASY/RAI-FRM-GDPR-006_PRIBEH_CITACE_KAZUISTIKA_FILLABLE_v1_3_CONTENT_LOCKED.pdf;active;1;108452;565936041189af0226df821eff4f355ffd5f2d991e5bf374545b1b59409f481b
RAI-FRM-GDPR-007;GDPR;01_GDPR_A_SOUHLASY;GDPR 007 Sdileni Udaju S Partnery;v1.3;RAI-FRM-GDPR-007_SDILENI_UDAJU_S_PARTNERY_FILLABLE_v1_3_CONTENT_LOCKED.pdf;/documents/forms/01_GDPR_A_SOUHLASY/RAI-FRM-GDPR-007_SDILENI_UDAJU_S_PARTNERY_FILLABLE_v1_3_CONTENT_LOCKED.pdf;active;1;120323;ad741a56efb7b9f51f0393daead9ea962b2747342b7c93a878cb4e10d867b239
RAI-FRM-GDPR-008;GDPR;01_GDPR_A_SOUHLASY;GDPR 008 Elektronicka Komunikace Follow Up;v1.3;RAI-FRM-GDPR-008_ELEKTRONICKA_KOMUNIKACE_FOLLOW_UP_FILLABLE_v1_3_CONTENT_LOCKED.pdf;/documents/forms/01_GDPR_A_SOUHLASY/RAI-FRM-GDPR-008_ELEKTRONICKA_KOMUNIKACE_FOLLOW_UP_FILLABLE_v1_3_CONTENT_LOCKED.pdf;active;1;119271;67050613395bd46cdf9cdd265e0aab884707f0ec03d3cdf16bb5f7a5be4ee108
RAI-FRM-GDPR-009;GDPR;01_GDPR_A_SOUHLASY;GDPR 009 Bod Zlomu Mladistvy Zakonny Zastupce;v1.3;RAI-FRM-GDPR-009_BOD_ZLOMU_MLADISTVY_ZAKONNY_ZASTUPCE_FILLABLE_v1_3_CONTENT_LOCKED.pdf;/documents/forms/01_GDPR_A_SOUHLASY/RAI-FRM-GDPR-009_BOD_ZLOMU_MLADISTVY_ZAKONNY_ZASTUPCE_FILLABLE_v1_3_CONTENT_LOCKED.pdf;active;1;109320;f9463b77b7a5584c6a69c9f5886d092aa45719857ab63899054b193bb4c4432a
RAI-FRM-GDPR-011;GDPR;01_GDPR_A_SOUHLASY;GDPR 011 Pracovnik Mentor Mlcenlivost;v1.3;RAI-FRM-GDPR-011_PRACOVNIK_MENTOR_MLCENLIVOST_FILLABLE_v1_3_CONTENT_LOCKED.pdf;/documents/forms/01_GDPR_A_SOUHLASY/RAI-FRM-GDPR-011_PRACOVNIK_MENTOR_MLCENLIVOST_FILLABLE_v1_3_CONTENT_LOCKED.pdf;active;1;109124;55950ad5a9069a245e5821f39ec1deb3ee4ffddf8852e1136f8781bbce78d804
RAI-FRM-GDPR-012;GDPR;01_GDPR_A_SOUHLASY;GDPR 012 Partner Externi Subjekt;v1.3;RAI-FRM-GDPR-012_PARTNER_EXTERNI_SUBJEKT_FILLABLE_v1_3_CONTENT_LOCKED.pdf;/documents/forms/01_GDPR_A_SOUHLASY/RAI-FRM-GDPR-012_PARTNER_EXTERNI_SUBJEKT_FILLABLE_v1_3_CONTENT_LOCKED.pdf;active;1;119860;7a8df71cfcc89ad7c74d73ee345517e3c4369c53a16dfa089e21b7b37825f786
RAI-FRM-GDPR-013;GDPR;01_GDPR_A_SOUHLASY;GDPR 013 Odvolani Nebo Omezeni Souhlasu;v1.3;RAI-FRM-GDPR-013_ODVOLANI_NEBO_OMEZENI_SOUHLASU_FILLABLE_v1_3_CONTENT_LOCKED.pdf;/documents/forms/01_GDPR_A_SOUHLASY/RAI-FRM-GDPR-013_ODVOLANI_NEBO_OMEZENI_SOUHLASU_FILLABLE_v1_3_CONTENT_LOCKED.pdf;active;1;109920;ba4fd3aacbb961365901a99a571d3b50c89871a821d91ac6812cdd71df6cdf0a
RAI-FRM-GDPR-014;GDPR;01_GDPR_A_SOUHLASY;GDPR 014 Zadost Subjektu Udaju;v1.3;RAI-FRM-GDPR-014_ZADOST_SUBJEKTU_UDAJU_FILLABLE_v1_3_CONTENT_LOCKED.pdf;/documents/forms/01_GDPR_A_SOUHLASY/RAI-FRM-GDPR-014_ZADOST_SUBJEKTU_UDAJU_FILLABLE_v1_3_CONTENT_LOCKED.pdf;active;1;120872;888a93f5f89d29d76bded43487814229614dcd60e860eceef2f773afa501b6bd
RAI-FRM-GDPR-015;GDPR;01_GDPR_A_SOUHLASY;GDPR 015 Zaznam O Incidentu;v1.3;RAI-FRM-GDPR-015_ZAZNAM_O_INCIDENTU_FILLABLE_v1_3_CONTENT_LOCKED.pdf;/documents/forms/01_GDPR_A_SOUHLASY/RAI-FRM-GDPR-015_ZAZNAM_O_INCIDENTU_FILLABLE_v1_3_CONTENT_LOCKED.pdf;active;1;121944;02e65686e32151b87be6678a2b7a8777163487d4cfce8507f490f60558d7a641
RAI-FRM-GDPR-016;GDPR;01_GDPR_A_SOUHLASY;GDPR 016 Anonymizacni Donor Export Karta;v1.3;RAI-FRM-GDPR-016_ANONYMIZACNI_DONOR_EXPORT_KARTA_FILLABLE_v1_3_CONTENT_LOCKED.pdf;/documents/forms/01_GDPR_A_SOUHLASY/RAI-FRM-GDPR-016_ANONYMIZACNI_DONOR_EXPORT_KARTA_FILLABLE_v1_3_CONTENT_LOCKED.pdf;active;1;89187;83a5b9d53fad47d6fbc78b039d3a08de334d41f00cf3912babc4a9911af55977
RAI-FRM-GDPR-017;GDPR;01_GDPR_A_SOUHLASY;GDPR 017 Archivace Skartace Pristupy;v1.3;RAI-FRM-GDPR-017_ARCHIVACE_SKARTACE_PRISTUPY_FILLABLE_v1_3_CONTENT_LOCKED.pdf;/documents/forms/01_GDPR_A_SOUHLASY/RAI-FRM-GDPR-017_ARCHIVACE_SKARTACE_PRISTUPY_FILLABLE_v1_3_CONTENT_LOCKED.pdf;active;1;121536;f201f10335cf3f76d12ed2d6b75e32839b50ba2323a9977fde410bb032b8bdd8
REST-EXIT-001;KLIENT;02_KLIENTSKA_SLOZKA;Exit Form;v1.5;REST_ART_EXIT_FORM_FILLABLE_v1_5_CONTENT_LOCKED.pdf;/documents/forms/02_KLIENTSKA_SLOZKA/REST_ART_EXIT_FORM_FILLABLE_v1_5_CONTENT_LOCKED.pdf;active;1;304482;ac7360932b6c32366b9f60280841b3b6217dda30aaff4fddb69ecdb18bfac641
REST-INTAKE-001;KLIENT;02_KLIENTSKA_SLOZKA;Intake Form;v1.5;REST_ART_INTAKE_FORM_FILLABLE_v1_5_CONTENT_LOCKED.pdf;/documents/forms/02_KLIENTSKA_SLOZKA/REST_ART_INTAKE_FORM_FILLABLE_v1_5_CONTENT_LOCKED.pdf;active;1;325958;949cef2e924c9feb7b10138da9ef06ce13bfc61cc8da256cb9dfbecb2d2adf76
REST-KNIHA-KLIENTA-001;KLIENT;02_KLIENTSKA_SLOZKA;Kniha Klienta;v1.6;REST_ART_KNIHA_KLIENTA_FILLABLE_v1_6_COMPACT_CONTENT_LOCKED.pdf;/documents/forms/02_KLIENTSKA_SLOZKA/REST_ART_KNIHA_KLIENTA_FILLABLE_v1_6_COMPACT_CONTENT_LOCKED.pdf;active;1;347512;e831f4c0d306f45226c216a0af0e780e13dfa427bd7790323ddd6f8ae5cb36c9
REST-KNIHA-INTERVENCI-001;INTERVENCE;03_INTERVENCE;Kniha Intervenci;v1.5;REST_ART_KNIHA_INTERVENCI_FILLABLE_v1_5_CONTENT_LOCKED.pdf;/documents/forms/03_INTERVENCE/REST_ART_KNIHA_INTERVENCI_FILLABLE_v1_5_CONTENT_LOCKED.pdf;active;1;247892;cd65b9cb03d77fe2c1b065d8307ffaa5df62894ae552539abdfde60213191218
REST-KNIHA-KRIZOVYCH-INTERVENCI-001;KRIZE;04_KRIZOVY_REZIM;Kniha Krizovych Intervenci;v1.5;REST_ART_KNIHA_KRIZOVYCH_INTERVENCI_FILLABLE_v1_5_CONTENT_LOCKED.pdf;/documents/forms/04_KRIZOVY_REZIM/REST_ART_KNIHA_KRIZOVYCH_INTERVENCI_FILLABLE_v1_5_CONTENT_LOCKED.pdf;active;1;238899;080343baaed8f4dd1adda36ee8d40dbc7bbe924900463839c0c0386b7122e374
REST-FOLLOW-UP-001;EVALUACE;05_EVALUACE_A_FOLLOW_UP;Follow Up Tracking;v1.5;REST_ART_FOLLOW_UP_TRACKING_FILLABLE_v1_5_CONTENT_LOCKED.pdf;/documents/forms/05_EVALUACE_A_FOLLOW_UP/REST_ART_FOLLOW_UP_TRACKING_FILLABLE_v1_5_CONTENT_LOCKED.pdf;active;1;277710;6c53e42a31eca1bb7205aaef0cc4113394b44d1eeb2bdee2abfbe154a294ad27
REST-STABILIZACNI-INDEX-001;EVALUACE;05_EVALUACE_A_FOLLOW_UP;Stabilizacni Index;v1.5;REST_ART_STABILIZACNI_INDEX_FILLABLE_v1_5_CONTENT_LOCKED.pdf;/documents/forms/05_EVALUACE_A_FOLLOW_UP/REST_ART_STABILIZACNI_INDEX_FILLABLE_v1_5_CONTENT_LOCKED.pdf;active;1;210533;95e03b84cfbb3dff3ad1d98d2788a4549a891fcaa0829df8b75f1dc0538dc094
REST-EVIDENCE-KOMUNITNICH-AKTIVIT-001;REGISTRY;06_REGISTRY;Evidence Komunitnich Aktivit;v1.5;REST_ART_EVIDENCE_KOMUNITNICH_AKTIVIT_FILLABLE_v1_5_CONTENT_LOCKED.pdf;/documents/forms/06_REGISTRY/REST_ART_EVIDENCE_KOMUNITNICH_AKTIVIT_FILLABLE_v1_5_CONTENT_LOCKED.pdf;active;1;248847;1335bddf7eac270c5013964f6386f8e0a61712dc7e15ff52ddcc9cf4e6efa9cc
REST-REGISTR-DOBROVOLNIKU-001;REGISTRY;06_REGISTRY;Registr Dobrovolniku;v1.5;REST_ART_REGISTR_DOBROVOLNIKU_FILLABLE_v1_5_CONTENT_LOCKED.pdf;/documents/forms/06_REGISTRY/REST_ART_REGISTR_DOBROVOLNIKU_FILLABLE_v1_5_CONTENT_LOCKED.pdf;active;1;208484;4ab78eadedcaeed84d9b539a72e741b2efbfafb87ba73ecce2ae6d295cbc04a7
REST-REGISTR-PARTNERU-001;REGISTRY;06_REGISTRY;Registr Partneru;v1.5;REST_ART_REGISTR_PARTNERU_FILLABLE_v1_5_CONTENT_LOCKED.pdf;/documents/forms/06_REGISTRY/REST_ART_REGISTR_PARTNERU_FILLABLE_v1_5_CONTENT_LOCKED.pdf;active;1;171039;2dc28eb6477a8fc55e71fce9847e604b865317b2db543239635e36c93166801f
REST-REGISTR-RIZIK-001;REGISTRY;06_REGISTRY;Registr Rizik;v1.5;REST_ART_REGISTR_RIZIK_FILLABLE_v1_5_CONTENT_LOCKED.pdf;/documents/forms/06_REGISTRY/REST_ART_REGISTR_RIZIK_FILLABLE_v1_5_CONTENT_LOCKED.pdf;active;1;202428;407ecd07730587223dd56f71f2b4d2e70084c145738e7000d1f49452249a24d8
REST-REGISTR-STIZNOSTI-001;REGISTRY;06_REGISTRY;Registr Stiznosti;v1.5;REST_ART_REGISTR_STIZNOSTI_FILLABLE_v1_5_CONTENT_LOCKED.pdf;/documents/forms/06_REGISTRY/REST_ART_REGISTR_STIZNOSTI_FILLABLE_v1_5_CONTENT_LOCKED.pdf;active;1;152948;792d1243b7435aa9ab645750455dbc54bc8538adb2d2eb649652f665780c9ce2
REST-MLCENLIVOST-ETICKY-ZAVAZEK-001;ETIKA;07_ETIKA_A_TYM;Mlcenlivost Eticky Zavazek;v1.5;REST_ART_MLCENLIVOST_ETICKY_ZAVAZEK_FILLABLE_v1_5_CONTENT_LOCKED.pdf;/documents/forms/07_ETIKA_A_TYM/REST_ART_MLCENLIVOST_ETICKY_ZAVAZEK_FILLABLE_v1_5_CONTENT_LOCKED.pdf;active;1;180745;dc6602639f345bac1afa9b31839f768c0801ea5bc7edcaf8515a66c4e23967b3
REST-LIST-HRANIC-PODPORY-001;DOPLNKY;08_DOPLNKOVE_LISTY;List Hranic Podpory;v1.7;REST_ART_LIST_HRANIC_PODPORY_A4_LANDSCAPE_FILLABLE_v1_7_CONTENT_LOCKED.pdf;/documents/forms/08_DOPLNKOVE_LISTY/REST_ART_LIST_HRANIC_PODPORY_A4_LANDSCAPE_FILLABLE_v1_7_CONTENT_LOCKED.pdf;active;1;143362;f9aa628b1280e8ea140bbf49c9e4efaa0d9d7aac9770858c9780f69dba543d42
REST-LIST-INCIDENTU-001;DOPLNKY;08_DOPLNKOVE_LISTY;List Incidentu;v1.7;REST_ART_LIST_INCIDENTU_A4_LANDSCAPE_FILLABLE_v1_7_CONTENT_LOCKED.pdf;/documents/forms/08_DOPLNKOVE_LISTY/REST_ART_LIST_INCIDENTU_A4_LANDSCAPE_FILLABLE_v1_7_CONTENT_LOCKED.pdf;active;1;151902;0fa175b06a4faf6458c841bbe9d5fa5c7502c9c647f70d2252a136ce76802f6c
REST-DOPLNKOVE-LISTY-ALL-IN-ONE-001;ALL_IN_ONE;99_ALL_IN_ONE_VOLITELNE;Doplnkove Listy Incidenty Hranice;v1.7;REST_ART_DOPLNKOVE_LISTY_INCIDENTY_HRANICE_A4_LANDSCAPE_FILLABLE_v1_7_CONTENT_LOCKED_ALL_IN_ONE.pdf;/documents/forms/99_ALL_IN_ONE_VOLITELNE/REST_ART_DOPLNKOVE_LISTY_INCIDENTY_HRANICE_A4_LANDSCAPE_FILLABLE_v1_7_CONTENT_LOCKED_ALL_IN_ONE.pdf;active;1;214344;c381a7258afcb34667de6dba999300f6c805f19f9aedb1bbb1998171c3b1f977
REST-GDPR-BALICEK-ALL-IN-ONE-001;ALL_IN_ONE;99_ALL_IN_ONE_VOLITELNE;GDPR Balicek;v1.3;REST_ART_GDPR_BALICEK_FILLABLE_ALL_TYPES_v1_3_CONTENT_LOCKED_ALL_IN_ONE.pdf;/documents/forms/99_ALL_IN_ONE_VOLITELNE/REST_ART_GDPR_BALICEK_FILLABLE_ALL_TYPES_v1_3_CONTENT_LOCKED_ALL_IN_ONE.pdf;active;1;458552;51f098d3c549da22c074d6614879d2a9e1316ff13aa1531001e12301d11c445b
REST-REGISTRY-ALL-IN-ONE-001;ALL_IN_ONE;99_ALL_IN_ONE_VOLITELNE;Registry;v1.7;REST_ART_REGISTRY_FILLABLE_v1_7_CONTENT_LOCKED_ALL_IN_ONE.pdf;/documents/forms/99_ALL_IN_ONE_VOLITELNE/REST_ART_REGISTRY_FILLABLE_v1_7_CONTENT_LOCKED_ALL_IN_ONE.pdf;active;1;1000809;437c9b6db469f7265ef43e7c9dce8d05cd10391cd643d9983d9ab0fbeb429a69
REST-JAILBREAK-001;JAILBREAK;03_INTERVENCE;Jailbreak Dotaznik;v1.5;REST_ART_JAILBREAK_DOTAZNIK_FILLABLE_v1_5_CONTENT_LOCKED.pdf;/documents/forms/03_INTERVENCE/REST_ART_JAILBREAK_DOTAZNIK_FILLABLE_v1_5_CONTENT_LOCKED.pdf;active;1;245187;b3fdcd15c63681a3608bb2c4119ad6a64e4bd31603882e6cc7f4db42307dde44
