form_uid;title;category_code;relative_path;barcode_action;barcode_position;barcode_reason;sha256_hash
RAI-FRM-GDPR-001;Krycí list GDPR balíčku;01_GDPR_A_SOUHLASY;01_GDPR_A_SOUHLASY/RAI-FRM-GDPR-001_KRYCI_LIST_GDPR_BALICKU_FILLABLE_v1_3_CONTENT_LOCKED.pdf;kept_existing;existing;GDPR already includes barcode from v1.3 source;e28eeeb0bc0993e8a28e5f0f36fe64d06a01b31d2f34982b0d86dc0995242723
RAI-FRM-GDPR-002;Informační memorandum;01_GDPR_A_SOUHLASY;01_GDPR_A_SOUHLASY/RAI-FRM-GDPR-002_INFORMACNI_MEMORANDUM_FILLABLE_v1_3_CONTENT_LOCKED.pdf;kept_existing;existing;GDPR already includes barcode from v1.3 source;10db0c85581a4326f79021bf56ec17c0eca5780273968a221281e013cbf8c5e8
RAI-FRM-GDPR-003;Informovaný souhlas GDPR;01_GDPR_A_SOUHLASY;01_GDPR_A_SOUHLASY/RAI-FRM-GDPR-003_INFORMOVANY_SOUHLAS_GDPR_FILLABLE_v1_3_CONTENT_LOCKED.pdf;kept_existing;existing;GDPR already includes barcode from v1.3 source;f37b06b11c9962c23afaf791ecd1d23742eb6dcf7d17b11fd97a4613737fa7b9
RAI-FRM-GDPR-004;Zvláštní kategorie údajů;01_GDPR_A_SOUHLASY;01_GDPR_A_SOUHLASY/RAI-FRM-GDPR-004_ZVLASTNI_KATEGORIE_UDAJU_FILLABLE_v1_3_CONTENT_LOCKED.pdf;kept_existing;existing;GDPR already includes barcode from v1.3 source;365d70b25069bec5f3fc93f43180b0807359fb633cfbef5fa9788fefdeb11237
RAI-FRM-GDPR-005;Foto / video / audio souhlas;01_GDPR_A_SOUHLASY;01_GDPR_A_SOUHLASY/RAI-FRM-GDPR-005_FOTO_VIDEO_AUDIO_FILLABLE_v1_3_CONTENT_LOCKED.pdf;kept_existing;existing;GDPR already includes barcode from v1.3 source;ef86dc79a8616b2e989bfb422c577bee583dd7883be226dd84a1f32161e1eaa1
RAI-FRM-GDPR-006;Příběh / citace / kazuistika;01_GDPR_A_SOUHLASY;01_GDPR_A_SOUHLASY/RAI-FRM-GDPR-006_PRIBEH_CITACE_KAZUISTIKA_FILLABLE_v1_3_CONTENT_LOCKED.pdf;kept_existing;existing;GDPR already includes barcode from v1.3 source;565936041189af0226df821eff4f355ffd5f2d991e5bf374545b1b59409f481b
RAI-FRM-GDPR-007;Sdílení údajů s partnery;01_GDPR_A_SOUHLASY;01_GDPR_A_SOUHLASY/RAI-FRM-GDPR-007_SDILENI_UDAJU_S_PARTNERY_FILLABLE_v1_3_CONTENT_LOCKED.pdf;kept_existing;existing;GDPR already includes barcode from v1.3 source;ad741a56efb7b9f51f0393daead9ea962b2747342b7c93a878cb4e10d867b239
RAI-FRM-GDPR-008;Elektronická komunikace a follow-up;01_GDPR_A_SOUHLASY;01_GDPR_A_SOUHLASY/RAI-FRM-GDPR-008_ELEKTRONICKA_KOMUNIKACE_FOLLOW_UP_FILLABLE_v1_3_CONTENT_LOCKED.pdf;kept_existing;existing;GDPR already includes barcode from v1.3 source;67050613395bd46cdf9cdd265e0aab884707f0ec03d3cdf16bb5f7a5be4ee108
RAI-FRM-GDPR-009;BOD ZLOMU - mladistvý / zákonný zástupce;01_GDPR_A_SOUHLASY;01_GDPR_A_SOUHLASY/RAI-FRM-GDPR-009_BOD_ZLOMU_MLADISTVY_ZAKONNY_ZASTUPCE_FILLABLE_v1_3_CONTENT_LOCKED.pdf;kept_existing;existing;GDPR already includes barcode from v1.3 source;f9463b77b7a5584c6a69c9f5886d092aa45719857ab63899054b193bb4c4432a
RAI-FRM-GDPR-010;Dobrovolník - osobní údaje;01_GDPR_A_SOUHLASY;01_GDPR_A_SOUHLASY/RAI-FRM-GDPR-010_DOBROVOLNIK_OSOBNI_UDAJE_FILLABLE_v1_3_CONTENT_LOCKED.pdf;kept_existing;existing;GDPR already includes barcode from v1.3 source;5b4dd2e098c2145518e37da41540f8b0ccec7c2a82effd493e024075cdcd45aa
RAI-FRM-GDPR-011;Pracovník / mentor - mlčenlivost;01_GDPR_A_SOUHLASY;01_GDPR_A_SOUHLASY/RAI-FRM-GDPR-011_PRACOVNIK_MENTOR_MLCENLIVOST_FILLABLE_v1_3_CONTENT_LOCKED.pdf;kept_existing;existing;GDPR already includes barcode from v1.3 source;55950ad5a9069a245e5821f39ec1deb3ee4ffddf8852e1136f8781bbce78d804
RAI-FRM-GDPR-012;Partner / externí subjekt;01_GDPR_A_SOUHLASY;01_GDPR_A_SOUHLASY/RAI-FRM-GDPR-012_PARTNER_EXTERNI_SUBJEKT_FILLABLE_v1_3_CONTENT_LOCKED.pdf;kept_existing;existing;GDPR already includes barcode from v1.3 source;7a8df71cfcc89ad7c74d73ee345517e3c4369c53a16dfa089e21b7b37825f786
RAI-FRM-GDPR-013;Odvolání nebo omezení souhlasu;01_GDPR_A_SOUHLASY;01_GDPR_A_SOUHLASY/RAI-FRM-GDPR-013_ODVOLANI_NEBO_OMEZENI_SOUHLASU_FILLABLE_v1_3_CONTENT_LOCKED.pdf;kept_existing;existing;GDPR already includes barcode from v1.3 source;ba4fd3aacbb961365901a99a571d3b50c89871a821d91ac6812cdd71df6cdf0a
RAI-FRM-GDPR-014;Žádost subjektu údajů;01_GDPR_A_SOUHLASY;01_GDPR_A_SOUHLASY/RAI-FRM-GDPR-014_ZADOST_SUBJEKTU_UDAJU_FILLABLE_v1_3_CONTENT_LOCKED.pdf;kept_existing;existing;GDPR already includes barcode from v1.3 source;888a93f5f89d29d76bded43487814229614dcd60e860eceef2f773afa501b6bd
RAI-FRM-GDPR-015;Záznam o incidentu;01_GDPR_A_SOUHLASY;01_GDPR_A_SOUHLASY/RAI-FRM-GDPR-015_ZAZNAM_O_INCIDENTU_FILLABLE_v1_3_CONTENT_LOCKED.pdf;kept_existing;existing;GDPR already includes barcode from v1.3 source;02e65686e32151b87be6678a2b7a8777163487d4cfce8507f490f60558d7a641
RAI-FRM-GDPR-016;Anonymizační a donor/export karta;01_GDPR_A_SOUHLASY;01_GDPR_A_SOUHLASY/RAI-FRM-GDPR-016_ANONYMIZACNI_DONOR_EXPORT_KARTA_FILLABLE_v1_3_CONTENT_LOCKED.pdf;kept_existing;existing;GDPR already includes barcode from v1.3 source;83a5b9d53fad47d6fbc78b039d3a08de334d41f00cf3912babc4a9911af55977
RAI-FRM-GDPR-017;Archivace, skartace a přístupy;01_GDPR_A_SOUHLASY;01_GDPR_A_SOUHLASY/RAI-FRM-GDPR-017_ARCHIVACE_SKARTACE_PRISTUPY_FILLABLE_v1_3_CONTENT_LOCKED.pdf;kept_existing;existing;GDPR already includes barcode from v1.3 source;f201f10335cf3f76d12ed2d6b75e32839b50ba2323a9977fde410bb032b8bdd8
RAI-FRM-KLI-001;Intake form;02_KLIENTSKA_SLOZKA;02_KLIENTSKA_SLOZKA/RAI-FRM-KLI-001_INTAKE_FORM_FILLABLE_v1_5_CONTENT_LOCKED.pdf;added;top_right;main portrait form layout;4044750465ba6b9f5859d958d91455a268d987cb9cc40eaa5753a900686db4eb
RAI-FRM-KLI-002;Kniha klienta;02_KLIENTSKA_SLOZKA;02_KLIENTSKA_SLOZKA/RAI-FRM-KLI-002_KNIHA_KLIENTA_FILLABLE_v1_6_COMPACT_CONTENT_LOCKED.pdf;added;top_right;main portrait form layout;0c6a8e9c555c02bc43b18260cd2debf6d05011cf667a7e54d0ed05cb3a908ffd
RAI-FRM-KLI-003;Exit form;02_KLIENTSKA_SLOZKA;02_KLIENTSKA_SLOZKA/RAI-FRM-KLI-003_EXIT_FORM_FILLABLE_v1_5_CONTENT_LOCKED.pdf;added;top_right;main portrait form layout;ee30fc407e8ba00491dee74713cd0c6d30c68b72899249b8222571d224aa3626
RAI-FRM-JB-001;JAILBREAK dotazník;09_PROGRAMOVE_PRILOHY;09_PROGRAMOVE_PRILOHY/RAI-FRM-JB-001_JAILBREAK_DOTAZNIK_FILLABLE_v1_5_CONTENT_LOCKED.pdf;added;top_right;main portrait form layout;d2c8ab2e41fe56fd741991f169a59ca3348c1002e846b8dab4e2535779216cbe
RAI-FRM-INT-001;Kniha intervencí;03_INTERVENCE;03_INTERVENCE/RAI-FRM-INT-001_KNIHA_INTERVENCI_FILLABLE_v1_5_CONTENT_LOCKED.pdf;added;top_right;main portrait form layout;98c626c42a3f046fb78e3d7951781f18afec0d359c4b8959340bb03a5f4a4a3c
RAI-FRM-KRZ-001;Kniha krizových intervencí;04_KRIZOVY_REZIM;04_KRIZOVY_REZIM/RAI-FRM-KRZ-001_KNIHA_KRIZOVYCH_INTERVENCI_FILLABLE_v1_5_CONTENT_LOCKED.pdf;added;top_right;main portrait form layout;35cb058c1721c2242175c10f56c9762efd374591f42d4bd7ed850c3344ec5b40
RAI-FRM-KRZ-002;Krizový formulář;04_KRIZOVY_REZIM;04_KRIZOVY_REZIM/RAI-FRM-KRZ-002_KRIZOVY_FORMULAR_FILLABLE_v1_5_CONTENT_LOCKED.pdf;added;top_right;main portrait form layout;b5277f32e54fe7cd915e7f29caa78c9677cbe90f2027efe5895d8d19f0b01fd6
RAI-FRM-EVA-001;Stabilizační index;05_EVALUACE_A_FOLLOW_UP;05_EVALUACE_A_FOLLOW_UP/RAI-FRM-EVA-001_STABILIZACNI_INDEX_FILLABLE_v1_5_CONTENT_LOCKED.pdf;added;top_right;main portrait form layout;c1d42c556a9f55459669d95eea4b52a724eadd29c11cc6cfce6f5dead422cc8c
RAI-FRM-EVA-002;Follow-up tracking;05_EVALUACE_A_FOLLOW_UP;05_EVALUACE_A_FOLLOW_UP/RAI-FRM-EVA-002_FOLLOW_UP_TRACKING_FILLABLE_v1_5_CONTENT_LOCKED.pdf;added;top_right;main portrait form layout;14876b62c3b2dfcb980ed108174a2d7f406b80836f5dfdd8dd89464eb7df331f
RAI-FRM-ETY-001;Mlčenlivost a etický závazek týmu;07_ETIKA_A_TYM;07_ETIKA_A_TYM/RAI-FRM-ETY-001_MLCENLIVOST_ETICKY_ZAVAZEK_FILLABLE_v1_5_CONTENT_LOCKED.pdf;added;top_right;main portrait form layout;13c096062f1e37433aba257d0310610dd45a7cbb102dfdcba1f201aeb01c50b4
RAI-FRM-REG-001;Registr dobrovolníků;06_REGISTRY;06_REGISTRY/RAI-FRM-REG-001_REGISTR_DOBROVOLNIKU_FILLABLE_v1_5_CONTENT_LOCKED.pdf;added;top_right;main portrait form layout;230c7e65cb80448020c6faf48c356030538a567b3aac5ce0140cee72dc7cfbe4
RAI-FRM-REG-002;Evidence komunitních aktivit;06_REGISTRY;06_REGISTRY/RAI-FRM-REG-002_EVIDENCE_KOMUNITNICH_AKTIVIT_FILLABLE_v1_5_CONTENT_LOCKED.pdf;added;top_right;main portrait form layout;1e9cb99ee4020b917b2e5714d9d885e12ca6aa9d954a060fae3c3ebaf1c73113
RAI-FRM-REG-003;Registr partnerů;06_REGISTRY;06_REGISTRY/RAI-FRM-REG-003_REGISTR_PARTNERU_FILLABLE_v1_5_CONTENT_LOCKED.pdf;added;top_right;main portrait form layout;73ba6a466dc1fd26e97ef10336259a90a05fa723375431bada7f5327e1a94561
RAI-FRM-REG-004;Registr rizik;06_REGISTRY;06_REGISTRY/RAI-FRM-REG-004_REGISTR_RIZIK_FILLABLE_v1_5_CONTENT_LOCKED.pdf;added;top_right;main portrait form layout;a2fe7e2014204ba1b8d102568222f38016d698e05a44cd7bdece910dd65b5e29
RAI-FRM-REG-005;Registr stížností;06_REGISTRY;06_REGISTRY/RAI-FRM-REG-005_REGISTR_STIZNOSTI_FILLABLE_v1_5_CONTENT_LOCKED.pdf;added;top_right;main portrait form layout;b126c53a85941c047170252a23d98a5da14a6e04f3b99ea229a7cfaef4537afb
RAI-AIO-REG-001;Registry ALL-IN-ONE;99_ALL_IN_ONE_VOLITELNE;99_ALL_IN_ONE_VOLITELNE/RAI-AIO-REG-001_REGISTRY_ALL_IN_ONE_v1_7_CONTENT_LOCKED.pdf;added;bottom_left;all-in-one portrait bundle layout;7426ca1d7691cdd619c2fc304bf64de3a0e91b875ca233ee4c491bf1ca662a56
RAI-FRM-DOP-001;List incidentů;08_DOPLNKOVE_LISTY;08_DOPLNKOVE_LISTY/RAI-FRM-DOP-001_LIST_INCIDENTU_A4_LANDSCAPE_FILLABLE_v1_7_CONTENT_LOCKED.pdf;added;top_right;landscape or supplemental A4 layout;430dbf6d0508e574950561f61a3e1f6f6f52310189b4fd32526fb9c46564e6f7
RAI-FRM-DOP-002;List hranic podpory;08_DOPLNKOVE_LISTY;08_DOPLNKOVE_LISTY/RAI-FRM-DOP-002_LIST_HRANIC_PODPORY_A4_LANDSCAPE_FILLABLE_v1_7_CONTENT_LOCKED.pdf;added;top_right;landscape or supplemental A4 layout;fa39e99f61ba904f566150259d8281396c931841c792d2328e2474543080b64b
RAI-AIO-DOP-001;Doplňkové listy ALL-IN-ONE;99_ALL_IN_ONE_VOLITELNE;99_ALL_IN_ONE_VOLITELNE/RAI-AIO-DOP-001_DOPLNKOVE_LISTY_INCIDENTY_HRANICE_ALL_IN_ONE_v1_7_CONTENT_LOCKED.pdf;added;top_right;landscape or supplemental A4 layout;60d731371a04827f14268357fb0d5676649f475feb06cc91bbebf00cbd7369d1
RAI-DOC-PROJ-001;One-page projektu;10_METODIKY_A_PODKLADY;10_METODIKY_A_PODKLADY/RAI-DOC-PROJ-001_ONE_PAGE_PROJEKT_2026_v1_5_CONTENT_LOCKED.pdf;added;bottom_left;document/metodika cover layout;a0312aba9d112ff3a01e4cfea5f83bd7f074a71791a5984ba152d823301b09e2
RAI-MET-JB-001;Metodika JAILBREAK;10_METODIKY_A_PODKLADY;10_METODIKY_A_PODKLADY/RAI-MET-JB-001_METODIKA_JAILBREAK_v1_5_CONTENT_LOCKED.pdf;added;bottom_left;document/metodika cover layout;0c4a8c242557b816b70eed2aa65dea4a56ce899df74be338b0574e26eaa590fc
